ID,Function Signature
0,std::string SageInterface::get_name(const SgNode *node)
1,std::string SageInterface::get_name(const SgStatement *stmt)
2,std::string SageInterface::get_name(const SgExpression *expr)
3,std::string SageInterface::get_name(const SgDeclarationStatement *declaration)
4,std::string SageInterface::get_name(const SgScopeStatement *scope)
5,std::string SageInterface::get_name(const SgSymbol *symbol)
6,std::string SageInterface::get_name(const SgType *type)
7,std::string SageInterface::get_name(const SgSupport *node)
8,std::string SageInterface::get_name(const SgLocatedNodeSupport *node)
9,std::string SageInterface::get_name(const SgC_PreprocessorDirectiveStatement *directive)
10,std::string SageInterface::get_name(const SgToken *token)
11,None SageInterface::getDeclaredType(const SgDeclarationStatement *declaration)
12,std::string SageInterface::generateUniqueNameForUseAsIdentifier(SgDeclarationStatement *declaration)
13,std::string SageInterface::generateUniqueNameForUseAsIdentifier_support(SgDeclarationStatement *declaration)
14,void SageInterface::computeUniqueNameForUseAsIdentifier(SgNode *astNode)
15,void SageInterface::reset_name_collision_map()
16,ROSE_DLL_API void SageInterface::setOneSourcePositionForTransformation(SgNode *node)
17,ROSE_DLL_API void SageInterface::setSourcePosition(SgNode *node)
18,ROSE_DLL_API void SageInterface::setSourcePositionAtRootAndAllChildren(SgNode *root)
19,void SageInterface::setSourcePositionAsTransformation(SgNode *node)
20,void SageInterface::setSourcePositionPointersToNull(SgNode *node)
21,ROSE_DLL_API void SageInterface::setOneSourcePositionNull(SgNode *node)
22,ROSE_DLL_API void SageInterface::setSourcePositionForTransformation(SgNode *root)
23,ROSE_DLL_API bool SageInterface::insideSystemHeader(SgLocatedNode *node)
24,ROSE_DLL_API bool SageInterface::insideHeader(SgLocatedNode *node)
25,"ROSE_DLL_API  SageInterface::lookupSymbolInParentScopesIgnoringAliasSymbols(const SgName &name, SgScopeStatement *currentScope=NULL, SgTemplateParameterPtrList *templateParameterList=NULL, SgTemplateArgumentPtrList *templateArgumentList=NULL)"
26,"ROSE_DLL_API  SageInterface::lookupSymbolInParentScopes(const SgName &name, SgScopeStatement *currentScope=NULL, SgTemplateParameterPtrList *templateParameterList=NULL, SgTemplateArgumentPtrList *templateArgumentList=NULL)"
27,"ROSE_DLL_API  SageInterface::lookupVariableSymbolInParentScopes(const SgName &name, SgScopeStatement *currentScope=NULL)"
28,"ROSE_DLL_API  SageInterface::lookupFunctionSymbolInParentScopes(const SgName &functionName, SgScopeStatement *currentScope=NULL)"
29,"ROSE_DLL_API  SageInterface::lookupFunctionSymbolInParentScopes(const SgName &functionName, const SgType *t, SgScopeStatement *currentScope=NULL)"
30,"ROSE_DLL_API  SageInterface::lookupTemplateFunctionSymbolInParentScopes(const SgName &functionName, SgFunctionType *ftype, SgTemplateParameterPtrList *tplparams, SgScopeStatement *currentScope=NULL)"
31,"ROSE_DLL_API  SageInterface::lookupTemplateMemberFunctionSymbolInParentScopes(const SgName &functionName, SgFunctionType *ftype, SgTemplateParameterPtrList *tplparams, SgScopeStatement *currentScope=NULL)"
32,"ROSE_DLL_API  SageInterface::lookupTemplateVariableSymbolInParentScopes(const SgName &name, SgTemplateParameterPtrList *tplparams, SgTemplateArgumentPtrList *tplargs, SgScopeStatement *currentScope=NULL)"
33,"ROSE_DLL_API  SageInterface::lookupClassSymbolInParentScopes(const SgName &name, SgScopeStatement *currentScope=NULL, SgTemplateArgumentPtrList *templateArgumentList=NULL)"
34,"ROSE_DLL_API  SageInterface::lookupTypedefSymbolInParentScopes(const SgName &name, SgScopeStatement *currentScope=NULL)"
35,"ROSE_DLL_API  SageInterface::lookupNonrealSymbolInParentScopes(const SgName &name, SgScopeStatement *currentScope=NULL, SgTemplateParameterPtrList *templateParameterList=NULL, SgTemplateArgumentPtrList *templateArgumentList=NULL)"
36,"ROSE_DLL_API  SageInterface::lookupTemplateClassSymbolInParentScopes(const SgName &name, SgTemplateParameterPtrList *templateParameterList, SgTemplateArgumentPtrList *templateArgumentList, SgScopeStatement *cscope=NULL)"
37,"ROSE_DLL_API  SageInterface::lookupEnumSymbolInParentScopes(const SgName &name, SgScopeStatement *currentScope=NULL)"
38,"ROSE_DLL_API  SageInterface::lookupNamespaceSymbolInParentScopes(const SgName &name, SgScopeStatement *currentScope=NULL)"
39,"ROSE_DLL_API int SageInterface::set_name(SgInitializedName *initializedNameNode, SgName new_name)"
40,void SageInterface::outputGlobalFunctionTypeSymbolTable()
41,ROSE_DLL_API void SageInterface::outputLocalSymbolTables(SgNode *node)
42,void SageInterface::rebuildSymbolTable(SgScopeStatement *scope)
43,void SageInterface::clearUnusedVariableSymbols(SgNode *root=NULL)
44,"void SageInterface::fixupReferencesToSymbols(const SgScopeStatement *this_scope, SgScopeStatement *copy_scope, SgCopyHelp &help)"
45,ROSE_DLL_API  SageInterface::getDefaultDestructor(SgClassDeclaration *classDeclaration)
46,ROSE_DLL_API  SageInterface::getDefaultConstructor(SgClassDeclaration *classDeclaration)
47,ROSE_DLL_API bool SageInterface::templateDefinitionIsInClass(SgTemplateInstantiationMemberFunctionDecl *memberFunctionDeclaration)
48,ROSE_DLL_API  SageInterface::buildForwardFunctionDeclaration(SgTemplateInstantiationMemberFunctionDecl *memberFunctionInstantiation)
49,ROSE_DLL_API bool SageInterface::isStructDeclaration(SgNode *node)
50,ROSE_DLL_API bool SageInterface::isUnionDeclaration(SgNode *node)
51,"ROSE_DLL_API bool SageInterface::addDefaultConstructorIfRequired(SgClassType *classType, int physical_file_id=Sg_File_Info::TRANSFORMATION_FILE_ID)"
52,void SageInterface::recursivePrintCurrentAndParent(SgNode *n)
53,"void SageInterface::saveToPDF(SgNode *node, std::string filename)"
54,void SageInterface::saveToPDF(SgNode *node)
55,void SageInterface::printAST(SgNode *node)
56,"void SageInterface::printAST(SgNode *node, const char *filename)"
57,"void SageInterface::printAST2TextFile(SgNode *node, const char *filename, bool printType=true)"
58,"void SageInterface::printAST2TextFile(SgNode *node, std::string filename, bool printType=true)"
59,void SageInterface::whereAmI(SgNode *node)
60,std::string SageInterface::extractPragmaKeyword(const SgPragmaDeclaration *)
61,ROSE_DLL_API bool SageInterface::isOmpStatement(SgNode *)
62,bool SageInterface::isOverloaded(SgFunctionDeclaration *functionDeclaration)
63,"void SageInterface::initializeIfStmt(SgIfStmt *ifstmt, SgStatement *conditional, SgStatement *true_body, SgStatement *false_body)"
64,"void SageInterface::initializeSwitchStatement(SgSwitchStatement *switchStatement, SgStatement *item_selector, SgStatement *body)"
65,"void SageInterface::initializeWhileStatement(SgWhileStmt *whileStatement, SgStatement *condition, SgStatement *body, SgStatement *else_body)"
66,void SageInterface::annotateExpressionsWithUniqueNames(SgProject *project)
67,ROSE_DLL_API bool SageInterface::isMain(const SgNode *node)
68,"std::string SageInterface::generateUniqueName(const SgNode *node, bool ignoreDifferenceBetweenDefiningAndNondefiningDeclarations)"
69,"std::string SageInterface::generateUniqueVariableName(SgScopeStatement *scope, std::string baseName=""temp"")"
70,std::string SageInterface::declarationPositionString(const SgDeclarationStatement *declaration)
71,"ROSE_DLL_API std::string SageInterface::generateProjectName(const SgProject *project, bool supressSuffix=false)"
72,None SageInterface::getDeclarationOfNamedFunction(SgExpression *func)
73,None SageInterface::forallMaskExpression(SgForAllStatement *stmt)
74,"void SageInterface::addVarRefExpFromArrayDimInfo(SgNode *astNode, Rose_STL_Container< SgNode * > &NodeList_t)"
75,void SageInterface::clearMangledNameCache(SgGlobal *globalScope)
76,void SageInterface::resetMangledNameCache(SgGlobal *globalScope)
77,std::string SageInterface::getMangledNameFromCache(SgNode *astNode)
78,"std::string SageInterface::addMangledNameToCache(SgNode *astNode, const std::string &mangledName)"
79,None SageInterface::getNonInstantiatonDeclarationForClass(SgTemplateInstantiationMemberFunctionDecl *memberFunctionInstantiation)
80,"void SageInterface::setBaseTypeDefiningDeclaration(SgVariableDeclaration *var_decl, SgDeclarationStatement *base_decl)"
81,"bool SageInterface::declarationPreceedsDefinition(SgDeclarationStatement *nonDefiningDeclaration, SgDeclarationStatement *definingDeclaration)"
82,bool SageInterface::functionCallExpressionPreceedsDeclarationWhichAssociatesScope(SgFunctionCallExp *functionCall)
83,"ROSE_DLL_API std::vector<  SageInterface::astIntersection(SgNode *original, SgNode *copy, SgCopyHelp *help=NULL)"
84,ROSE_DLL_API  SageInterface::deepCopyNode(const SgNode *subtree)
85,NodeType * SageInterface::deepCopy<typename NodeType>(const NodeType *subtree)
86,ROSE_DLL_API  SageInterface::copyExpression(SgExpression *e)
87,ROSE_DLL_API  SageInterface::copyStatement(SgStatement *s)
88,ROSE_DLL_API  SageInterface::getFirstVarSym(SgVariableDeclaration *decl)
89,ROSE_DLL_API  SageInterface::getFirstInitializedName(SgVariableDeclaration *decl)
90,ROSE_DLL_API void SageInterface::myRemoveStatement(SgStatement *stmt)
91,ROSE_DLL_API bool SageInterface::isConstantTrue(SgExpression *e)
92,ROSE_DLL_API bool SageInterface::isConstantFalse(SgExpression *e)
93,"ROSE_DLL_API bool SageInterface::isCallToParticularFunction(SgFunctionDeclaration *decl, SgExpression *e)"
94,"ROSE_DLL_API bool SageInterface::isCallToParticularFunction(const std::string &qualifiedName, size_t arity, SgExpression *e)"
95,bool ROSE_DLL_API SageInterface::isStatic(SgDeclarationStatement *stmt)
96,ROSE_DLL_API void SageInterface::setStatic(SgDeclarationStatement *stmt)
97,ROSE_DLL_API bool SageInterface::isExtern(SgDeclarationStatement *stmt)
98,ROSE_DLL_API void SageInterface::setExtern(SgDeclarationStatement *stmt)
99,ROSE_DLL_API bool ROSE_DLL_API SageInterface::isMutable(SgInitializedName *name)
100,ROSE_DLL_API bool ROSE_DLL_API SageInterface::isJovialOutParam(SgInitializedName *name)
101,ROSE_DLL_API std::vector<  SageInterface::getInParameters(const SgInitializedNamePtrList &params)
102,ROSE_DLL_API std::vector<  SageInterface::getOutParameters(const SgInitializedNamePtrList &params)
103,"ROSE_DLL_API bool SageInterface::isAssignmentStatement(SgNode *_s, SgExpression **lhs=NULL, SgExpression **rhs=NULL, bool *readlhs=NULL)"
104,"ROSE_DLL_API  SageInterface::convertRefToInitializedName(SgNode *current, bool coarseGrain=true)"
105,ROSE_DLL_API  SageInterface::buildAbstractHandle(SgNode *)
106,ROSE_DLL_API  SageInterface::getSgNodeFromAbstractHandleString(const std::string &input_string)
107,"ROSE_DLL_API void SageInterface::dumpInfo(SgNode *node, std::string desc="""")"
108,ROSE_DLL_API std::vector<  SageInterface::sortSgNodeListBasedOnAppearanceOrderInSource(const std::vector< SgDeclarationStatement * > &nodevec)
109,ROSE_DLL_API bool SageInterface::isPrefixOperator(SgExpression *exp)
110,ROSE_DLL_API bool SageInterface::isPrefixOperatorName(const SgName &functionName)
111,ROSE_DLL_API bool SageInterface::isPostfixOperator(SgExpression *exp)
112,ROSE_DLL_API bool SageInterface::isIndexOperator(SgExpression *exp)
113,"ROSE_DLL_API  SageInterface::lastStatementOfScopeWithTokenInfo(SgScopeStatement *scope, std::map< SgNode *, TokenStreamSequenceToNodeMapping * > &tokenStreamSequenceMap)"
114,ROSE_DLL_API void SageInterface::checkAccessPermissions(SgNode *)
115,ROSE_DLL_API void SageInterface::checkSymbolTables(SgNode *)
116,"ROSE_DLL_API void SageInterface::markSubtreeToBeUnparsed(SgNode *root, int physical_file_id)"
117,"ROSE_DLL_API void SageInterface::markNodeToBeUnparsed(SgNode *node, int physical_file_id)"
118,"ROSE_DLL_API void SageInterface::markSubtreeToBeUnparsedTreeTraversal(SgNode *root, int physical_file_id)"
119,"ROSE_DLL_API bool SageInterface::findFirstSgCastExpMarkedAsTransformation(SgNode *n, const std::string &s)"
120,ROSE_DLL_API bool SageInterface::is_Ada_language()
121,ROSE_DLL_API bool SageInterface::is_C_language()
122,ROSE_DLL_API bool SageInterface::is_OpenMP_language()
123,ROSE_DLL_API bool SageInterface::is_UPC_language()
124,ROSE_DLL_API bool SageInterface::is_UPC_dynamic_threads()
125,ROSE_DLL_API bool SageInterface::is_C99_language()
126,ROSE_DLL_API bool SageInterface::is_Cxx_language()
127,ROSE_DLL_API bool SageInterface::is_Java_language()
128,ROSE_DLL_API bool SageInterface::is_Jovial_language()
129,ROSE_DLL_API bool SageInterface::is_Jvm_language()
130,ROSE_DLL_API bool SageInterface::is_Fortran_language()
131,ROSE_DLL_API bool SageInterface::is_CAF_language()
132,ROSE_DLL_API bool SageInterface::is_PHP_language()
133,ROSE_DLL_API bool SageInterface::is_Python_language()
134,ROSE_DLL_API bool SageInterface::is_Cuda_language()
135,ROSE_DLL_API bool SageInterface::is_OpenCL_language()
136,ROSE_DLL_API bool SageInterface::is_binary_executable()
137,ROSE_DLL_API bool SageInterface::is_mixed_C_and_Cxx_language()
138,ROSE_DLL_API bool SageInterface::is_mixed_Fortran_and_C_language()
139,ROSE_DLL_API bool SageInterface::is_mixed_Fortran_and_Cxx_language()
140,ROSE_DLL_API bool SageInterface::is_mixed_Fortran_and_C_and_Cxx_language()
141,ROSE_DLL_API bool SageInterface::is_language_case_insensitive()
142,ROSE_DLL_API bool SageInterface::language_may_contain_nondeclarations_in_scope()
143,void SageInterface::resetScopeNumbers(SgFunctionDefinition *functionDeclaration)
144,void SageInterface::clearScopeNumbers(SgFunctionDefinition *functionDefinition)
145,None SageInterface::enclosingNamespaceScope(SgDeclarationStatement *declaration)
146,"bool SageInterface::isPrototypeInScope(SgScopeStatement *scope, SgFunctionDeclaration *functionDeclaration, SgDeclarationStatement *startingAtDeclaration)"
147,"bool ROSE_DLL_API SageInterface::isAncestor(SgNode *node1, SgNode *node2)"
148,void SageInterface::dumpPreprocInfo(SgLocatedNode *locatedNode)
149,"ROSE_DLL_API  SageInterface::findHeader(SgSourceFile *source_file, const std::string &header_file_name, bool isSystemHeader)"
150,"ROSE_DLL_API  SageInterface::insertHeader(SgSourceFile *source_file, const std::string &header_file_name, bool isSystemHeader, bool asLastHeader)"
151,"ROSE_DLL_API void SageInterface::insertHeader(SgStatement *stmt, PreprocessingInfo *newheader, bool asLastHeader)"
152,"ROSE_DLL_API  SageInterface::insertHeader(SgSourceFile *source_file, const std::string &header_file_name, bool isSystemHeader=false, PreprocessingInfo::RelativePositionType position=PreprocessingInfo::before)"
153,"ROSE_DLL_API  SageInterface::insertHeader(const std::string &filename, PreprocessingInfo::RelativePositionType position=PreprocessingInfo::after, bool isSystemHeader=false, SgScopeStatement *scope=NULL)"
154,"ROSE_DLL_API void SageInterface::moveUpPreprocessingInfo(SgStatement *stmt_dst, SgStatement *stmt_src, PreprocessingInfo::RelativePositionType src_position=PreprocessingInfo::undef, PreprocessingInfo::RelativePositionType dst_position=PreprocessingInfo::undef, bool usePrepend=false)"
155,"ROSE_DLL_API void SageInterface::movePreprocessingInfo(SgStatement *stmt_src, SgStatement *stmt_dst, PreprocessingInfo::RelativePositionType src_position=PreprocessingInfo::undef, PreprocessingInfo::RelativePositionType dst_position=PreprocessingInfo::undef, bool usePrepend=false)"
156,"ROSE_DLL_API void SageInterface::cutPreprocessingInfo(SgLocatedNode *src_node, PreprocessingInfo::RelativePositionType pos, AttachedPreprocessingInfoType &save_buf)"
157,"ROSE_DLL_API void SageInterface::pastePreprocessingInfo(SgLocatedNode *dst_node, PreprocessingInfo::RelativePositionType pos, AttachedPreprocessingInfoType &saved_buf)"
158,"ROSE_DLL_API  SageInterface::attachArbitraryText(SgLocatedNode *target, const std::string &text, PreprocessingInfo::RelativePositionType position=PreprocessingInfo::before)"
159,ROSE_DLL_API void SageInterface::replaceMacroCallsWithExpandedStrings(SgPragmaDeclaration *target)
160,"None SageInterface::attachComment(SgSourceFile *source_file, const std::string &content, PreprocessingInfo::DirectiveType directive_type=PreprocessingInfo::C_StyleComment, PreprocessingInfo::RelativePositionType position=PreprocessingInfo::before)"
161,"ROSE_DLL_API  SageInterface::attachComment(SgLocatedNode *target, const std::string &content, PreprocessingInfo::RelativePositionType position=PreprocessingInfo::before, PreprocessingInfo::DirectiveType dtype=PreprocessingInfo::CpreprocessorUnknownDeclaration)"
162,"ROSE_DLL_API void SageInterface::addTextForUnparser(SgNode *astNode, std::string s, AstUnparseAttribute::RelativePositionType inputlocation)"
163,"void SageInterface::guardNode(SgLocatedNode *target, std::string guard)"
164,ROSE_DLL_API int SageInterface::moveUpInnerDanglingIfEndifDirective(SgLocatedNode *lnode)
165,ROSE_DLL_API int SageInterface::eraseNullPreprocessingInfo(SgLocatedNode *lnode)
166,"ROSE_DLL_API void SageInterface::preOrderCollectPreprocessingInfo(SgNode *current, std::vector< PreprocessingInfo * > &infoList, int depth)"
167,None SageInterface::getBoolType(SgNode *n)
168,ROSE_DLL_API bool SageInterface::isStrictIntegerType(SgType *t)
169,ROSE_DLL_API  SageInterface::getFirstVarType(SgVariableDeclaration *decl)
170,ROSE_DLL_API bool SageInterface::isDefaultConstructible(SgType *type)
171,ROSE_DLL_API bool SageInterface::isCopyConstructible(SgType *type)
172,ROSE_DLL_API bool SageInterface::isAssignable(SgType *type)
173,"ROSE_DLL_API bool SageInterface::isPureVirtualClass(SgType *type, const ClassHierarchyWrapper &classHierarchy)"
174,ROSE_DLL_API bool SageInterface::hasTrivialDestructor(SgType *t)
175,ROSE_DLL_API bool SageInterface::isNonconstReference(SgType *t)
176,ROSE_DLL_API bool SageInterface::isReferenceType(SgType *t)
177,ROSE_DLL_API bool SageInterface::isPointerType(SgType *t)
178,ROSE_DLL_API bool SageInterface::isPointerToNonConstType(SgType *type)
179,ROSE_DLL_API bool SageInterface::isConstType(SgType *t)
180,None SageInterface::removeConst(SgType *t)
181,ROSE_DLL_API bool SageInterface::isVolatileType(SgType *t)
182,ROSE_DLL_API bool SageInterface::isRestrictType(SgType *t)
183,ROSE_DLL_API bool SageInterface::isScalarType(SgType *t)
184,ROSE_DLL_API bool SageInterface::isStructType(SgType *t)
185,ROSE_DLL_API std::string SageInterface::mangleType(SgType *type)
186,ROSE_DLL_API std::string SageInterface::mangleScalarType(SgType *type)
187,ROSE_DLL_API std::string SageInterface::mangleModifierType(SgModifierType *type)
188,ROSE_DLL_API size_t SageInterface::getArrayElementCount(SgArrayType *t)
189,ROSE_DLL_API int SageInterface::getDimensionCount(SgType *t)
190,ROSE_DLL_API  SageInterface::getArrayElementType(SgType *t)
191,ROSE_DLL_API  SageInterface::getElementType(SgType *t)
192,std::vector<  SageInterface::get_C_array_dimensions(const SgArrayType &arrtype)
193,"std::vector<  SageInterface::get_C_array_dimensions(const SgArrayType &arrtype, const SgVarRefExp &varref)"
194,"std::vector<  SageInterface::get_C_array_dimensions(const SgArrayType &arrtype, SgInitializedName &initname)"
195,"ROSE_DLL_API bool SageInterface::isArrayReference(SgExpression *ref, SgExpression **arrayNameExp=NULL, std::vector< SgExpression * > **subscripts=NULL)"
196,"ROSE_DLL_API int SageInterface::collectVariableReferencesInArrayTypes(SgLocatedNode *root, Rose_STL_Container< SgNode * > &currentVarRefList)"
197,"ROSE_DLL_API bool SageInterface::hasUpcSharedType(SgType *t, SgModifierType **mod_type_out=NULL)"
198,"ROSE_DLL_API bool SageInterface::isUpcSharedType(SgType *t, SgModifierType **mod_type_out=NULL)"
199,ROSE_DLL_API bool SageInterface::isUpcSharedModifierType(SgModifierType *mod_type)
200,ROSE_DLL_API bool SageInterface::isUpcSharedArrayType(SgArrayType *array_type)
201,ROSE_DLL_API bool SageInterface::isUpcStrictSharedModifierType(SgModifierType *mode_type)
202,ROSE_DLL_API size_t SageInterface::getUpcSharedBlockSize(SgModifierType *mod_type)
203,ROSE_DLL_API size_t SageInterface::getUpcSharedBlockSize(SgType *t)
204,ROSE_DLL_API bool SageInterface::isUpcPhaseLessSharedType(SgType *t)
205,ROSE_DLL_API bool SageInterface::isUpcPrivateToSharedType(SgType *t)
206,ROSE_DLL_API bool SageInterface::isUpcArrayWithThreads(SgArrayType *t)
207,"ROSE_DLL_API  SageInterface::lookupNamedTypeInParentScopes(const std::string &type_name, SgScopeStatement *scope=NULL)"
208,ROSE_DLL_API  SageInterface::getAssociatedTypeFromFunctionTypeList(SgExpression *actual_argument_expression)
209,"ROSE_DLL_API bool SageInterface::templateArgumentEquivalence(SgTemplateArgument *arg1, SgTemplateArgument *arg2)"
210,"ROSE_DLL_API bool SageInterface::templateArgumentListEquivalence(const SgTemplateArgumentPtrList &list1, const SgTemplateArgumentPtrList &list2)"
211,"ROSE_DLL_API bool SageInterface::isEquivalentType(const SgType *lhs, const SgType *rhs)"
212,"ROSE_DLL_API  SageInterface::findFunctionType(SgType *return_type, SgFunctionParameterTypeList *typeList)"
213,"ROSE_DLL_API bool SageInterface::isEquivalentFunctionType(const SgFunctionType *lhs, const SgFunctionType *rhs)"
214,"ROSE_DLL_API void SageInterface::addStepToLoopBody(SgScopeStatement *loopStmt, SgStatement *step)"
215,ROSE_DLL_API void SageInterface::moveForStatementIncrementIntoBody(SgForStatement *f)
216,ROSE_DLL_API void SageInterface::convertForToWhile(SgForStatement *f)
217,ROSE_DLL_API void SageInterface::convertAllForsToWhiles(SgNode *top)
218,"ROSE_DLL_API void SageInterface::changeContinuesToGotos(SgStatement *stmt, SgLabelStatement *label)"
219,ROSE_DLL_API  SageInterface::getLoopIndexVariable(SgNode *loop)
220,"ROSE_DLL_API bool SageInterface::isLoopIndexVariable(SgInitializedName *ivar, SgNode *subtree_root)"
221,ROSE_DLL_API bool SageInterface::hasMultipleInitStatmentsOrExpressions(SgForStatement *for_loop)
222,ROSE_DLL_API  SageInterface::getLoopBody(SgScopeStatement *loop)
223,"ROSE_DLL_API void SageInterface::setLoopBody(SgScopeStatement *loop, SgStatement *body)"
224,ROSE_DLL_API  SageInterface::getLoopCondition(SgScopeStatement *loop)
225,"ROSE_DLL_API void SageInterface::setLoopCondition(SgScopeStatement *loop, SgStatement *cond)"
226,"ROSE_DLL_API bool SageInterface::isCanonicalForLoop(SgNode *loop, SgInitializedName **ivar=NULL, SgExpression **lb=NULL, SgExpression **ub=NULL, SgExpression **step=NULL, SgStatement **body=NULL, bool *hasIncrementalIterationSpace=NULL, bool *isInclusiveUpperBound=NULL)"
227,"ROSE_DLL_API bool SageInterface::isCanonicalDoLoop(SgFortranDo *loop, SgInitializedName **ivar, SgExpression **lb, SgExpression **ub, SgExpression **step, SgStatement **body, bool *hasIncrementalIterationSpace, bool *isInclusiveUpperBound)"
228,"ROSE_DLL_API void SageInterface::setLoopLowerBound(SgNode *loop, SgExpression *lb)"
229,"ROSE_DLL_API void SageInterface::setLoopUpperBound(SgNode *loop, SgExpression *ub)"
230,"ROSE_DLL_API void SageInterface::setLoopStride(SgNode *loop, SgExpression *stride)"
231,ROSE_DLL_API bool SageInterface::normalizeForLoopInitDeclaration(SgForStatement *loop)
232,ROSE_DLL_API bool SageInterface::unnormalizeForLoopInitDeclaration(SgForStatement *loop)
233,"ROSE_DLL_API bool SageInterface::forLoopNormalization(SgForStatement *loop, bool foldConstant=true)"
234,ROSE_DLL_API bool SageInterface::normalizeForLoopTest(SgForStatement *loop)
235,ROSE_DLL_API bool SageInterface::normalizeForLoopIncrement(SgForStatement *loop)
236,ROSE_DLL_API bool SageInterface::doLoopNormalization(SgFortranDo *loop)
237,"ROSE_DLL_API bool SageInterface::loopUnrolling(SgForStatement *loop, size_t unrolling_factor)"
238,"ROSE_DLL_API bool SageInterface::loopInterchange(SgForStatement *loop, size_t depth, size_t lexicoOrder)"
239,"ROSE_DLL_API bool SageInterface::loopTiling(SgForStatement *loopNest, size_t targetLevel, size_t tileSize)"
240,"None SageInterface::loopCollapsing(SgForStatement *target_loop, size_t collapsing_factor)"
241,"bool SageInterface::getForLoopInformations(SgForStatement *for_loop, SgVariableSymbol *&iterator, SgExpression *&lower_bound, SgExpression *&upper_bound, SgExpression *&stride)"
242,"std::vector< NodeType * > SageInterface::querySubTree<typename NodeType>(SgNode *top, VariantT variant=(VariantT) NodeType::static_variant)"
243,std::vector<  SageInterface::generateFileList()
244,ROSE_DLL_API  SageInterface::getProject()
245,None SageInterface::getProject(const SgNode *node)
246,std::vector< NodeType * > SageInterface::getSgNodeListFromMemoryPool<typename NodeType>()
247,"void SageInterface::serialize(SgNode *node, std::string &prefix, bool hasRemaining, std::ostringstream &out, std::string &edgeLabel)"
248,"void SageInterface::serialize_list<typename T>(T &plist, std::string T_name, std::string &prefix, bool hasRemaining, std::ostringstream &out, std::string &edgeLabel)"
249,ROSE_DLL_API  SageInterface::findMain(SgNode *currentNode)
250,"None SageInterface::findLastDeclarationStatement(SgScopeStatement *scope, bool includePragma=false)"
251,std::vector<  SageInterface::getSymbolsUsedInExpression(SgExpression *expr)
252,"std::vector<  SageInterface::findBreakStmts(SgStatement *code, const std::string &fortranLabel="""")"
253,"std::vector<  SageInterface::findContinueStmts(SgStatement *code, const std::string &fortranLabel="""")"
254,"std::vector<  SageInterface::findGotoStmts(SgStatement *scope, SgLabelStatement *l)"
255,std::vector<  SageInterface::getSwitchCases(SgSwitchStatement *sw)
256,"void SageInterface::collectVarRefs(SgLocatedNode *root, std::vector< SgVarRefExp * > &result)"
257,"T * SageInterface::findDeclarationStatement<typename T>(SgNode *root, std::string name, SgScopeStatement *scope, bool isDefining)"
258,"None SageInterface::findFunctionDeclaration(SgNode *root, std::string name, SgScopeStatement *scope, bool isDefining)"
259,"NodeType * SageInterface::getEnclosingNode<typename NodeType>(const SgNode *astNode, const bool includingSelf=false)"
260,"ROSE_DLL_API  SageInterface::getEnclosingSourceFile(SgNode *n, const bool includingSelf=false)"
261,ROSE_DLL_API  SageInterface::getScope(const SgNode *astNode)
262,"ROSE_DLL_API  SageInterface::getEnclosingScope(SgNode *n, const bool includingSelf=false)"
263,ROSE_DLL_API  SageInterface::getGlobalScope(const SgNode *astNode)
264,"ROSE_DLL_API bool SageInterface::hasSameGlobalScope(SgStatement *statement_1, SgStatement *statement_2)"
265,"ROSE_DLL_API  SageInterface::getEnclosingProcedure(SgNode *n, const bool includingSelf=false)"
266,"ROSE_DLL_API  SageInterface::getEnclosingFunctionDefinition(SgNode *astNode, const bool includingSelf=false)"
267,ROSE_DLL_API  SageInterface::getEnclosingStatement(SgNode *n)
268,ROSE_DLL_API  SageInterface::findEnclosingSwitch(SgStatement *s)
269,ROSE_DLL_API  SageInterface::findEnclosingOmpClauseBodyStatement(SgStatement *s)
270,"ROSE_DLL_API  SageInterface::findEnclosingLoop(SgStatement *s, const std::string &fortranLabel="""", bool stopOnSwitches=false)"
271,"ROSE_DLL_API  SageInterface::getEnclosingFunctionDeclaration(SgNode *astNode, const bool includingSelf=false)"
272,ROSE_DLL_API  SageInterface::getEnclosingFileNode(SgNode *astNode)
273,ROSE_DLL_API  SageInterface::getInitializerOfExpression(SgExpression *n)
274,"ROSE_DLL_API  SageInterface::getEnclosingClassDefinition(SgNode *astnode, const bool includingSelf=false)"
275,ROSE_DLL_API  SageInterface::getEnclosingClassDeclaration(SgNode *astNode)
276,"ROSE_DLL_API  SageInterface::getEnclosingExprListExp(SgNode *astNode, const bool includingSelf=false)"
277,"ROSE_DLL_API bool SageInterface::isInSubTree(SgExpression *subtree, SgExpression *exp)"
278,ROSE_DLL_API  SageInterface::getFunctionDeclaration(SgFunctionCallExp *functionCallExp)
279,ROSE_DLL_API bool SageInterface::isDataMemberReference(SgVarRefExp *varRefExp)
280,ROSE_DLL_API bool SageInterface::isAddressTaken(SgExpression *refExp)
281,ROSE_DLL_API bool SageInterface::isMemberFunctionMemberReference(SgMemberFunctionRefExp *memberFunctionRefExp)
282,ROSE_DLL_API std::list<  SageInterface::getClassTypeChainForMemberReference(SgExpression *refExp)
283,ROSE_DLL_API std::set<  SageInterface::getFrontendSpecificNodes()
284,ROSE_DLL_API void SageInterface::outputSharedNodes(SgNode *node)
285,ROSE_DLL_API void SageInterface::displayScope(SgScopeStatement *scope)
286,ROSE_DLL_API  SageInterface::getFirstGlobalScope(SgProject *project)
287,ROSE_DLL_API  SageInterface::getLastStatement(SgScopeStatement *scope)
288,"ROSE_DLL_API  SageInterface::getFirstStatement(SgScopeStatement *scope, bool includingCompilerGenerated=false)"
289,ROSE_DLL_API  SageInterface::findFirstDefiningFunctionDecl(SgScopeStatement *scope)
290,ROSE_DLL_API  SageInterface::getNextStatement(SgStatement *currentStmt)
291,"ROSE_DLL_API  SageInterface::getPreviousStatement(SgStatement *currentStmt, bool climbOutScope=true)"
292,ROSE_DLL_API void SageInterface::listHeaderFiles(SgIncludeFile *includeFile)
293,ROSE_DLL_API bool SageInterface::scopeHasStatementsFromSameFile(SgScopeStatement *scope)
294,"ROSE_DLL_API bool SageInterface::isEqualToIntConst(SgExpression *e, int value)"
295,"ROSE_DLL_API bool SageInterface::isSameFunction(SgFunctionDeclaration *func1, SgFunctionDeclaration *func2)"
296,ROSE_DLL_API bool SageInterface::isLastStatement(SgStatement *stmt)
297,ROSE_DLL_API void SageInterface::deleteAST(SgNode *node)
298,ROSE_DLL_API void SageInterface::deleteAllNodes()
299,ROSE_DLL_API void SageInterface::checkSgNodePointers()
300,ROSE_DLL_API void SageInterface::deleteExpressionTreeWithOriginalExpressionSubtrees(SgNode *root)
301,"ROSE_DLL_API void SageInterface::moveStatementsBetweenBlocks(SgBasicBlock *sourceBlock, SgBasicBlock *targetBlock)"
302,"ROSE_DLL_API void SageInterface::moveStatementsBetweenBlocks(SgAdaPackageSpec *sourceBlock, SgNamespaceDefinitionStatement *targetBlock)"
303,"ROSE_DLL_API void SageInterface::moveStatementsBetweenBlocks(SgAdaPackageBody *sourceBlock, SgNamespaceDefinitionStatement *targetBlock)"
304,"ROSE_DLL_API void SageInterface::moveStatementsBetweenBlocks(SgNamespaceDefinitionStatement *sourceBlock, SgNamespaceDefinitionStatement *targetBlock)"
305,ROSE_DLL_API bool SageInterface::isLambdaFunction(SgFunctionDeclaration *func)
306,ROSE_DLL_API bool SageInterface::isLambdaCapturedVariable(SgVarRefExp *varRef)
307,"ROSE_DLL_API void SageInterface::moveVariableDeclaration(SgVariableDeclaration *decl, SgScopeStatement *target_scope)"
308,"ROSE_DLL_API void SageInterface::appendStatement(SgStatement *stmt, SgScopeStatement *scope=NULL)"
309,"ROSE_DLL_API void SageInterface::appendStatement(SgStatement *stmt, SgForInitStatement *for_init_stmt)"
310,"ROSE_DLL_API void SageInterface::appendStatementList(const std::vector< SgStatement * > &stmt, SgScopeStatement *scope=NULL)"
311,"ROSE_DLL_API void SageInterface::appendStatementWithDependentDeclaration(SgDeclarationStatement *decl, SgGlobal *scope, SgStatement *original_statement, bool excludeHeaderFiles)"
312,"ROSE_DLL_API void SageInterface::prependStatement(SgStatement *stmt, SgScopeStatement *scope=NULL)"
313,"ROSE_DLL_API void SageInterface::prependStatement(SgStatement *stmt, SgForInitStatement *for_init_stmt)"
314,"ROSE_DLL_API void SageInterface::prependStatementList(const std::vector< SgStatement * > &stmt, SgScopeStatement *scope=NULL)"
315,ROSE_DLL_API bool SageInterface::hasSimpleChildrenList(SgScopeStatement *scope)
316,"ROSE_DLL_API void SageInterface::insertStatement(SgStatement *targetStmt, SgStatement *newStmt, bool insertBefore=true, bool autoMovePreprocessingInfo=true)"
317,"ROSE_DLL_API void SageInterface::insertStatementList(SgStatement *targetStmt, const std::vector< SgStatement * > &newStmts, bool insertBefore=true)"
318,"ROSE_DLL_API void SageInterface::insertStatementBefore(SgStatement *targetStmt, SgStatement *newStmt, bool autoMovePreprocessingInfo=true)"
319,"ROSE_DLL_API void SageInterface::insertStatementListBefore(SgStatement *targetStmt, const std::vector< SgStatement * > &newStmts)"
320,"ROSE_DLL_API void SageInterface::insertStatementAfter(SgStatement *targetStmt, SgStatement *newStmt, bool autoMovePreprocessingInfo=true)"
321,"ROSE_DLL_API void SageInterface::insertStatementListAfter(SgStatement *targetStmt, const std::vector< SgStatement * > &newStmt)"
322,"ROSE_DLL_API void SageInterface::insertStatementAfterLastDeclaration(SgStatement *stmt, SgScopeStatement *scope)"
323,"ROSE_DLL_API void SageInterface::insertStatementAfterLastDeclaration(std::vector< SgStatement * > stmt_list, SgScopeStatement *scope)"
324,"ROSE_DLL_API void SageInterface::insertStatementBeforeFirstNonDeclaration(SgStatement *newStmt, SgScopeStatement *scope, bool movePreprocessingInfo=true)"
325,"ROSE_DLL_API void SageInterface::insertStatementListBeforeFirstNonDeclaration(const std::vector< SgStatement * > &newStmts, SgScopeStatement *scope)"
326,ROSE_DLL_API  SageInterface::lastFrontEndSpecificStatement(SgGlobal *globalScope)
327,"ROSE_DLL_API void SageInterface::removeStatement(SgStatement *stmt, bool autoRelocatePreprocessingInfo=true)"
328,ROSE_DLL_API void SageInterface::deepDelete(SgNode *root)
329,"ROSE_DLL_API void SageInterface::replaceStatement(SgStatement *oldStmt, SgStatement *newStmt, bool movePreprocessinInfo=false)"
330,"ROSE_DLL_API  SageInterface::replaceWithPattern(SgNode *anchor, SgNode *new_pattern)"
331,"ROSE_DLL_API void SageInterface::replaceVariableReferences(SgVariableSymbol *old_sym, SgVariableSymbol *new_sym, SgScopeStatement *scope)"
332,ROSE_DLL_API bool SageInterface::statementCanBeTransformed(SgStatement *stmt)
333,"std::pair<  SageInterface::createTempVariableForExpression(SgExpression *expression, SgScopeStatement *scope, bool initializeInDeclaration, SgAssignOp **reEvaluate=NULL)"
334,"std::pair<  SageInterface::createTempVariableAndReferenceForExpression(SgExpression *expression, SgScopeStatement *scope)"
335,"ROSE_DLL_API  SageInterface::appendArg(SgFunctionParameterList *, SgInitializedName *)"
336,"ROSE_DLL_API  SageInterface::prependArg(SgFunctionParameterList *, SgInitializedName *)"
337,"ROSE_DLL_API void SageInterface::appendExpression(SgExprListExp *, SgExpression *)"
338,"ROSE_DLL_API void SageInterface::appendExpressionList(SgExprListExp *, const std::vector< SgExpression * > &)"
339,"void SageInterface::setParameterList<class actualFunction>(actualFunction *func, SgFunctionParameterList *paralist)"
340,"ROSE_DLL_API void SageInterface::setPragma(SgPragmaDeclaration *decl, SgPragma *pragma)"
341,"ROSE_DLL_API void SageInterface::replaceExpression(SgExpression *oldExp, SgExpression *newExp, bool keepOldExp=false)"
342,"ROSE_DLL_API void SageInterface::replaceExpressionWithStatement(SgExpression *from, SageInterface::StatementGenerator *to)"
343,"ROSE_DLL_API void SageInterface::replaceSubexpressionWithStatement(SgExpression *from, SageInterface::StatementGenerator *to)"
344,"ROSE_DLL_API void SageInterface::setOperand(SgExpression *target, SgExpression *operand)"
345,"ROSE_DLL_API void SageInterface::setLhsOperand(SgExpression *target, SgExpression *lhs)"
346,"ROSE_DLL_API void SageInterface::setRhsOperand(SgExpression *target, SgExpression *rhs)"
347,ROSE_DLL_API void SageInterface::removeAllOriginalExpressionTrees(SgNode *top)
348,"ROSE_DLL_API void SageInterface::moveToSubdirectory(std::string directoryName, SgFile *file)"
349,"ROSE_DLL_API  SageInterface::findSurroundingStatementFromSameFile(SgStatement *targetStmt, bool &surroundingStatementPreceedsTargetStatement)"
350,"ROSE_DLL_API void SageInterface::moveCommentsToNewStatement(SgStatement *sourceStatement, const std::vector< int > &indexList, SgStatement *destinationStatement, bool destinationStatementPreceedsSourceStatement)"
351,ROSE_DLL_API void SageInterface::moveDeclarationToAssociatedNamespace(SgDeclarationStatement *declarationStatement)
352,ROSE_DLL_API bool SageInterface::isTemplateInstantiationNode(SgNode *node)
353,ROSE_DLL_API void SageInterface::wrapAllTemplateInstantiationsInAssociatedNamespaces(SgProject *root)
354,ROSE_DLL_API void SageInterface::resetInternalMapsForTargetStatement(SgStatement *sourceStatement)
355,ROSE_DLL_API void SageInterface::convertFunctionDefinitionsToFunctionPrototypes(SgNode *node)
356,ROSE_DLL_API  SageInterface::replaceDefiningFunctionDeclarationWithFunctionPrototype(SgFunctionDeclaration *functionDeclaration)
357,ROSE_DLL_API std::vector<  SageInterface::generateFunctionDefinitionsList(SgNode *node)
358,ROSE_DLL_API  SageInterface::buildFunctionPrototype(SgFunctionDeclaration *functionDeclaration)
359,"ROSE_DLL_API int SageInterface::fixVariableReferences(SgNode *root, bool cleanUnusedSymbol=true)"
360,"ROSE_DLL_API void SageInterface::fixVariableDeclaration(SgVariableDeclaration *varDecl, SgScopeStatement *scope)"
361,"ROSE_DLL_API void SageInterface::fixStructDeclaration(SgClassDeclaration *structDecl, SgScopeStatement *scope)"
362,"ROSE_DLL_API void SageInterface::fixClassDeclaration(SgClassDeclaration *classDecl, SgScopeStatement *scope)"
363,"ROSE_DLL_API void SageInterface::fixNamespaceDeclaration(SgNamespaceDeclarationStatement *structDecl, SgScopeStatement *scope)"
364,"ROSE_DLL_API void SageInterface::fixLabelStatement(SgLabelStatement *label_stmt, SgScopeStatement *scope)"
365,"ROSE_DLL_API void SageInterface::setFortranNumericLabel(SgStatement *stmt, int label_value, SgLabelSymbol::label_type_enum label_type=SgLabelSymbol::e_start_label_type, SgScopeStatement *label_scope=NULL)"
366,ROSE_DLL_API int SageInterface::suggestNextNumericLabel(SgFunctionDefinition *func_def)
367,"ROSE_DLL_API void SageInterface::fixFunctionDeclaration(SgFunctionDeclaration *stmt, SgScopeStatement *scope)"
368,"ROSE_DLL_API void SageInterface::fixTemplateDeclaration(SgTemplateDeclaration *stmt, SgScopeStatement *scope)"
369,"ROSE_DLL_API void SageInterface::fixStatement(SgStatement *stmt, SgScopeStatement *scope)"
370,ROSE_DLL_API std::set<  SageInterface::collectTransformedStatements(SgNode *node)
371,ROSE_DLL_API std::set<  SageInterface::collectModifiedStatements(SgNode *node)
372,ROSE_DLL_API std::set<  SageInterface::collectModifiedLocatedNodes(SgNode *node)
373,ROSE_DLL_API void SageInterface::resetModifiedLocatedNodes(const std::set< SgLocatedNode * > &modifiedNodeSet)
374,"ROSE_DLL_API void SageInterface::reportModifiedStatements(const std::string &label, SgNode *node)"
375,"ROSE_DLL_API void SageInterface::reportModifiedLocatedNodes(const std::string &label, SgNode *node)"
376,ROSE_DLL_API void SageInterface::translateToUseCppDeclarations(SgNode *n)
377,ROSE_DLL_API void SageInterface::translateScopeToUseCppDeclarations(SgScopeStatement *scope)
378,"ROSE_DLL_API std::vector<  SageInterface::translateStatementToUseCppDeclarations(SgStatement *statement, SgScopeStatement *scope)"
379,ROSE_DLL_API void SageInterface::printOutComments(SgLocatedNode *locatedNode)
380,ROSE_DLL_API bool SageInterface::skipTranslateToUseCppDeclaration(PreprocessingInfo *currentPreprocessingInfo)
381,ROSE_DLL_API void SageInterface::outputFileIds(SgNode *node)
382,"ROSE_DLL_API void SageInterface::updateDefiningNondefiningLinks(SgFunctionDeclaration *func, SgScopeStatement *scope)"
383,"ROSE_DLL_API bool SageInterface::collectReadWriteRefs(SgStatement *stmt, std::vector< SgNode * > &readRefs, std::vector< SgNode * > &writeRefs, bool useCachedDefUse=false)"
384,"ROSE_DLL_API bool SageInterface::collectReadWriteVariables(SgStatement *stmt, std::set< SgInitializedName * > &readVars, std::set< SgInitializedName * > &writeVars, bool coarseGrain=true)"
385,"ROSE_DLL_API void SageInterface::collectReadOnlyVariables(SgStatement *stmt, std::set< SgInitializedName * > &readOnlyVars, bool coarseGrain=true)"
386,"ROSE_DLL_API void SageInterface::collectReadOnlySymbols(SgStatement *stmt, std::set< SgVariableSymbol * > &readOnlySymbols, bool coarseGrain=true)"
387,ROSE_DLL_API bool SageInterface::isUseByAddressVariableRef(SgVarRefExp *ref)
388,"ROSE_DLL_API void SageInterface::collectUseByAddressVariableRefs(const SgStatement *s, std::set< SgVarRefExp * > &varSetB)"
389,"ROSE_DLL_API LivenessAnalysis * SageInterface::call_liveness_analysis(SgProject *project, bool debug=false)"
390,"ROSE_DLL_API void SageInterface::getLiveVariables(LivenessAnalysis *liv, SgForStatement *loop, std::set< SgInitializedName * > &liveIns, std::set< SgInitializedName * > &liveOuts)"
391,"ROSE_DLL_API void SageInterface::ReductionRecognition(SgForStatement *loop, std::set< std::pair< SgInitializedName *, OmpSupport::omp_construct_enum > > &results)"
392,ROSE_DLL_API void SageInterface::constantFolding(SgNode *r)
393,"ROSE_DLL_API int SageInterface::instrumentEndOfFunction(SgFunctionDeclaration *func, SgStatement *s)"
394,ROSE_DLL_API void SageInterface::removeJumpsToNextStatement(SgNode *)
395,"ROSE_DLL_API void SageInterface::removeUnusedLabels(SgNode *top, bool keepChild=false)"
396,ROSE_DLL_API std::set<  SageInterface::findUnusedLabels(SgNode *top)
397,ROSE_DLL_API void SageInterface::removeConsecutiveLabels(SgNode *top)
398,"ROSE_DLL_API bool SageInterface::mergeDeclarationAndAssignment(SgVariableDeclaration *decl, SgExprStatement *assign_stmt, bool removeAssignStmt=true)"
399,"ROSE_DLL_API bool SageInterface::mergeAssignmentWithDeclaration(SgExprStatement *assign_stmt, SgVariableDeclaration *decl, bool removeAssignStmt=true)"
400,"ROSE_DLL_API bool SageInterface::mergeDeclarationWithAssignment(SgVariableDeclaration *decl, SgExprStatement *assign_stmt)"
401,ROSE_DLL_API  SageInterface::splitVariableDeclaration(SgVariableDeclaration *decl)
402,"ROSE_DLL_API int SageInterface::splitVariableDeclaration(SgScopeStatement *scope, bool topLevelOnly=true)"
403,"ROSE_DLL_API  SageInterface::splitExpression(SgExpression *from, std::string newName="""")"
404,ROSE_DLL_API void SageInterface::splitExpressionIntoBasicBlock(SgExpression *expr)
405,ROSE_DLL_API void SageInterface::removeLabeledGotos(SgNode *top)
406,ROSE_DLL_API void SageInterface::changeBreakStatementsToGotos(SgStatement *loopOrSwitch)
407,ROSE_DLL_API  SageInterface::ensureBasicBlockAsBodyOfFor(SgForStatement *fs)
408,ROSE_DLL_API  SageInterface::ensureBasicBlockAsBodyOfUpcForAll(SgUpcForAllStatement *fs)
409,ROSE_DLL_API  SageInterface::ensureBasicBlockAsBodyOfWhile(SgWhileStmt *ws)
410,ROSE_DLL_API  SageInterface::ensureBasicBlockAsBodyOfDoWhile(SgDoWhileStmt *ws)
411,ROSE_DLL_API  SageInterface::ensureBasicBlockAsBodyOfSwitch(SgSwitchStatement *ws)
412,None SageInterface::ensureBasicBlockAsBodyOfCaseOption(SgCaseOptionStmt *cs)
413,None SageInterface::ensureBasicBlockAsBodyOfDefaultOption(SgDefaultOptionStmt *cs)
414,ROSE_DLL_API  SageInterface::ensureBasicBlockAsTrueBodyOfIf(SgIfStmt *ifs)
415,"ROSE_DLL_API  SageInterface::ensureBasicBlockAsFalseBodyOfIf(SgIfStmt *ifs, bool createEmptyBody=true)"
416,ROSE_DLL_API  SageInterface::ensureBasicBlockAsBodyOfCatch(SgCatchOptionStmt *cos)
417,ROSE_DLL_API  SageInterface::ensureBasicBlockAsBodyOfOmpBodyStmt(SgOmpBodyStatement *ompbodyStmt)
418,ROSE_DLL_API void SageInterface::cleanupNontransformedBasicBlockNode()
419,ROSE_DLL_API void SageInterface::recordNormalizations(SgStatement *s)
420,"ROSE_DLL_API int SageInterface::normalizeArrowExpWithAddressOfLeftOperand(SgNode *root, bool transformationGeneratedOnly=true)"
421,bool SageInterface::isBodyStatement(SgStatement *s)
422,"void SageInterface::changeAllBodiesToBlocks(SgNode *top, bool createEmptyBody=true)"
423,None SageInterface::makeSingleStatementBodyToBlock(SgStatement *singleStmt)
424,unsigned long long SageInterface::getIntegerConstantValue(SgValueExp *expr)
425,std::vector<  SageInterface::getDependentDeclarations(SgStatement *stmt)
426,"None SageInterface::insertBeforeUsingCommaOp(SgExpression *new_exp, SgExpression *anchor_exp)"
427,"None SageInterface::insertAfterUsingCommaOp(SgExpression *new_exp, SgExpression *anchor_exp, SgStatement **temp_decl=NULL, SgVarRefExp **temp_ref=NULL)"
428,"std::pair<  SageInterface::wrapFunction(SgFunctionDeclaration &definingDeclaration, SgName newName)"
429,"std::pair<  SageInterface::wrapFunction<class NameGen>(SgFunctionDeclaration &definingDeclaration, NameGen nameGen)"
430,None SageInterface::getFirstVariable(SgVariableDeclaration &vardecl)
431,bool SageInterface::hasTemplateSyntax(const SgName &name)
432,std::set< unsigned int > SageInterface::collectSourceSequenceNumbers(SgNode *astNode)
433,bool SageInterface::HasNoThrowAssign(const SgType *const inputType)
434,bool SageInterface::HasNoThrowCopy(const SgType *const inputType)
435,bool SageInterface::HasNoThrowConstructor(const SgType *const inputType)
436,bool SageInterface::HasTrivialAssign(const SgType *const inputType)
437,bool SageInterface::HasTrivialCopy(const SgType *const inputType)
438,bool SageInterface::HasTrivialConstructor(const SgType *const inputType)
439,bool SageInterface::HasTrivialDestructor(const SgType *const inputType)
440,bool SageInterface::HasVirtualDestructor(const SgType *const inputType)
441,"bool SageInterface::IsBaseOf(const SgType *const inputBaseType, const SgType *const inputDerivedType)"
442,bool SageInterface::IsAbstract(const SgType *const inputType)
443,bool SageInterface::IsClass(const SgType *const inputType)
444,bool SageInterface::IsEmpty(const SgType *const inputType)
445,bool SageInterface::IsEnum(const SgType *const inputType)
446,bool SageInterface::IsPod(const SgType *const inputType)
447,bool SageInterface::IsPolymorphic(const SgType *const inputType)
448,bool SageInterface::IsStandardLayout(const SgType *const inputType)
449,bool SageInterface::IsLiteralType(const SgType *const inputType)
450,bool SageInterface::IsTrivial(const SgType *const inputType)
451,bool SageInterface::IsUnion(const SgType *const inputType)
452,None SageInterface::UnderlyingType(SgType *type)
453,"bool SageInterface::isStructurallyEquivalentAST(SgNode *tree1, SgNode *tree2)"
454,struct  SageInterface::evaluateConstIntegerExpression(SgExpression *expr)
455,"bool SageInterface::checkTypesAreEqual(SgType *typeA, SgType *typeB)"
456,ROSE_DLL_API std::string SageInterface::getTempDirectory(SgProject *project)
457,ROSE_DLL_API void SageInterface::destroyTempDirectory(std::string)
458,"ROSE_DLL_API  SageInterface::processFile(SgProject *, std::string, bool unparse=false)"
459,"ROSE_DLL_API std::string SageInterface::preprocessPackage(SgProject *, std::string)"
460,"ROSE_DLL_API std::string SageInterface::preprocessImport(SgProject *, std::string)"
461,"ROSE_DLL_API  SageInterface::preprocessCompilationUnit(SgProject *, std::string, std::string, bool unparse=true)"
462,"ROSE_DLL_API  SageInterface::findJavaPackage(SgScopeStatement *, std::string)"
463,"ROSE_DLL_API  SageInterface::findOrInsertJavaPackage(SgProject *, std::string, bool create_directory=false)"
464,"ROSE_DLL_API  SageInterface::findOrImportJavaClass(SgProject *, SgClassDefinition *package_definition, std::string)"
465,"ROSE_DLL_API  SageInterface::findOrImportJavaClass(SgProject *, std::string, std::string)"
466,"ROSE_DLL_API  SageInterface::findOrImportJavaClass(SgProject *, SgClassType *)"
467,ROSE_DLL_API  SageInterface::findJavaMain(SgClassDefinition *)
468,ROSE_DLL_API  SageInterface::findJavaMain(SgClassType *)
469,"bool SageInterface::isTemplateInstantiationFromTemplateDeclarationSatisfyingFilter<class T>(SgFunctionDeclaration *function, T *filter)"
470,"void SageInterface::detectCycleInType(SgType *type, const std::string &from)"
471,void SageInterface::checkForInitializers(SgNode *node)
472,void SageInterface::clearSharedGlobalScopes(SgProject *project)
473,None SageInterface::buildDeclarationSets(SgNode *)
474,"void SageInterface::addMessageStatement(SgStatement *stmt, std::string message)"
475,"void SageInterface::addComment(SgAsmStatement *stmt, const std::string &input_string)"
476,"None SageInterface::getSection(SgProject *project, const std::string &name)"
477,"None SageInterface::getSection(SgProject *project, size_t ptr)"
478,None SageInterface::getAsmFunction(SgAsmInstruction *asmInstruction)
479,None SageInterface::getAsmBlock(SgAsmInstruction *asmInstruction)
480,None SageInterface::getAsmInterpretation(SgAsmNode *asmNode)
481,"std::string SageInterface::generateUniqueName(size_t value, std::map< size_t, int > &usedOffsets, size_t &counter)"
482,size_t SageInterface::get_value(SgAsmValueExpression *asmValueExpression)
483,std::string SageInterface::get_valueString(SgAsmValueExpression *asmValueExpression)
484,bool SageInterface::isMovInstruction(SgAsmInstruction *asmInstruction)
485,"bool SageInterface::isInstructionKind(SgAsmInstruction *asmInstruction, Rose::BinaryAnalysis::X86InstructionKind instuctionKind)"
486,"bool SageInterface::equivalenceTest(SgNode *x, SgNode *y)"
487,std::vector<  SageInterface::flattenAST(SgNode *node)
488,"std::vector<  SageInterface::matchAST(SgNode *node, std::vector< SgNode * > &listOfNodes, EquivalenceTestFunctionType equivalenceTest)"
489,"std::vector<  SageInterface::find(SgNode *astNode, SgNode *target, EquivalenceTestFunctionType equivalenceTest)"
490,bool SageInterface::isNOP(SgAsmInstruction *asmInstruction)
491,bool SageInterface::isNOP(const std::vector< SgAsmInstruction * > &asmInstructionList)
492,std::vector< std::vector<  SageInterface::find_NOP_sequences(SgAsmBlock *asmBlock)
493,"void SageInterface::insertInstruction(SgAsmInstruction *targetInstruction, SgAsmInstruction *newInstruction, bool insertBefore)"
494,"void SageInterface::insertInstructionBefore(SgAsmInstruction *targetInstruction, SgAsmInstruction *newInstruction)"
495,void SageInterface::removeInstruction(SgAsmStatement *instruction)
496,void SageInterface::setSourcePositionToDefault<class T>(T *node)
497,bool SageInterface::isUnionType(SgType *t)
498,None SageInterface::getBaseFromType(SgType *t)
499,"bool SageInterface::acceptsArguments(SgFunctionDeclaration *decl, std::list< SgType * > args, bool allowDefaultArgs=true)"
500,vector<  SageInterface::GetAllMemberFunctionsInClassHierarchy(SgType *type)
501,vector<  SageInterface::GetAllVariableDeclarationsInAncestors(SgType *type)
502,"bool SageInterface::CheckIfFunctionAcceptsArgumentIgnoreConstRefAndTypedef(SgMemberFunctionDeclaration *decl, SgType *args=NULL)"
503,"bool SageInterface::HasTrivialAssign(const SgType *const inputType, bool checkPod)"
504,"bool SageInterface::HasTrivialCopy(const SgType *const inputType, bool checkPod)"
505,"bool SageInterface::HasTrivialConstructor(const SgType *const inputType, bool checkPod)"
506,"bool SageInterface::HasTrivialDestructor(const SgType *const inputType, bool checkPod)"
507,"bool SageInterface::IsEmpty(const SgType *const inputType, bool checkIsClass)"
508,"bool SageInterface::IsTrivial(const SgType *const inputType, bool checkTrivial)"
